device,time
nano_0,1.967904
nano_1,2.686923
agx_0,0.349021
agx_2,0.870067
agx_1,1.157999