device,time
nano_0,1.462878
nano_1,2.011526
agx_0,0.140615
agx_2,0.207244
agx_1,0.369261